<metadata><Esri><CreaDate>20231120</CreaDate><CreaTime>18464000</CreaTime><SyncOnce>FALSE</SyncOnce><SyncDate>20231205</SyncDate><SyncTime>19490300</SyncTime><ModDate>20231205</ModDate><ModTime>19490300</ModTime><ArcGISFormat>1.0</ArcGISFormat><ArcGISstyle>FGDC CSDGM Metadata</ArcGISstyle><DataProperties><itemProps><itemLocation><linkage Sync="TRUE">file://\\BOBBISLAPTOP\C$\Users\Bendi\OneDrive\Documents\G392\GroupProject\All Data\Shrimp_Habitat.shp</linkage><protocol Sync="TRUE">Local Area Network</protocol></itemLocation><itemName Sync="TRUE">Shrimp_Habitat</itemName><nativeExtBox><westBL Sync="TRUE">-97.799539</westBL><eastBL Sync="TRUE">-80.401389</eastBL><southBL Sync="TRUE">24.455977</southBL><northBL Sync="TRUE">31.077789</northBL><exTypeCode Sync="TRUE">1</exTypeCode></nativeExtBox><itemSize Sync="TRUE">0.000</itemSize><imsContentType Sync="TRUE">002</imsContentType></itemProps><copyHistory><copy source="C:\Users\Micha\Downloads\Texas A&amp;M Fall 2023 GEOG 392\GEOG 392 Group Project\Shrimp_Data\Shrimp_EFH_GOM" dest="\\LATTE\C$\Users\Micha\Downloads\Texas A&amp;M Fall 2023 GEOG 392\GEOG 392 Group Project\Actual Data to Use\Shrimp_EFH_GOM" date="20231120" time="18464000"/></copyHistory><coordRef><type Sync="TRUE">Geographic</type><geogcsn Sync="TRUE">GCS_North_American_1983</geogcsn><csUnits Sync="TRUE">Angular Unit: Degree (0.017453)</csUnits><peXml Sync="TRUE">&lt;GeographicCoordinateSystem xsi:type='typens:GeographicCoordinateSystem' xmlns:xsi='http://www.w3.org/2001/XMLSchema-instance' xmlns:xs='http://www.w3.org/2001/XMLSchema' xmlns:typens='http://www.esri.com/schemas/ArcGIS/3.2.0'&gt;&lt;WKT&gt;GEOGCS[&amp;quot;GCS_North_American_1983&amp;quot;,DATUM[&amp;quot;D_North_American_1983&amp;quot;,SPHEROID[&amp;quot;GRS_1980&amp;quot;,6378137.0,298.257222101]],PRIMEM[&amp;quot;Greenwich&amp;quot;,0.0],UNIT[&amp;quot;Degree&amp;quot;,0.0174532925199433],AUTHORITY[&amp;quot;EPSG&amp;quot;,4269]]&lt;/WKT&gt;&lt;XOrigin&gt;-400&lt;/XOrigin&gt;&lt;YOrigin&gt;-400&lt;/YOrigin&gt;&lt;XYScale&gt;11258999068426.238&lt;/XYScale&gt;&lt;ZOrigin&gt;-100000&lt;/ZOrigin&gt;&lt;ZScale&gt;10000&lt;/ZScale&gt;&lt;MOrigin&gt;-100000&lt;/MOrigin&gt;&lt;MScale&gt;10000&lt;/MScale&gt;&lt;XYTolerance&gt;8.983152841195215e-09&lt;/XYTolerance&gt;&lt;ZTolerance&gt;0.001&lt;/ZTolerance&gt;&lt;MTolerance&gt;0.001&lt;/MTolerance&gt;&lt;HighPrecision&gt;true&lt;/HighPrecision&gt;&lt;LeftLongitude&gt;-180&lt;/LeftLongitude&gt;&lt;WKID&gt;4269&lt;/WKID&gt;&lt;LatestWKID&gt;4269&lt;/LatestWKID&gt;&lt;/GeographicCoordinateSystem&gt;</peXml></coordRef><lineage><Process ToolSource="c:\program files\arcgis\pro\Resources\ArcToolbox\toolboxes\Data Management Tools.tbx\Copy" Date="20231120" Time="184640">Copy "C:\Users\Micha\Downloads\Texas A&amp;M Fall 2023 GEOG 392\GEOG 392 Group Project\Shrimp_Data\Shrimp_EFH_GOM.shp" "C:\Users\Micha\Downloads\Texas A&amp;M Fall 2023 GEOG 392\GEOG 392 Group Project\Actual Data to Use\Shrimp_EFH_GOM.shp" Shapefile #</Process><Process ToolSource="c:\program files\arcgis\pro\Resources\ArcToolbox\toolboxes\Analysis Tools.tbx\Clip" Date="20231126" Time="195439">Clip Shrimp_EFH_GOM c200KMBuffer_ExportFeatures_ExportFeatures C:\Users\Bendi\OneDrive\Documents\G392\GroupProject\GroupProject.gdb\Shrimp_EFH_GOM_Clip #</Process><Process ToolSource="c:\program files\arcgis\pro\Resources\ArcToolbox\toolboxes\Conversion Tools.tbx\ExportFeatures" Date="20231205" Time="194903">ExportFeatures Shrimp_EFH_GOM_Clip "C:\Users\Bendi\OneDrive\Documents\G392\GroupProject\All Data\Shrimp_Habitat.shp" # NOT_USE_ALIAS "Area_SqKm "Area_SqKm" true true false 8 Double 0 0,First,#,Shrimp_EFH_GOM_Clip,Area_SqKm,-1,-1;Perim_M "Perim_M" true true false 8 Double 0 0,First,#,Shrimp_EFH_GOM_Clip,Perim_M,-1,-1;Shape_Length "Shape_Length" false true true 8 Double 0 0,First,#,Shrimp_EFH_GOM_Clip,Shape_Length,-1,-1;Shape_Area "Shape_Area" false true true 8 Double 0 0,First,#,Shrimp_EFH_GOM_Clip,Shape_Area,-1,-1" #</Process></lineage></DataProperties><ArcGISProfile>ISO19139</ArcGISProfile><scaleRange><minScale>150000000</minScale><maxScale>5000</maxScale></scaleRange></Esri><mdLang><languageCode value="eng"/><countryCode value="USA" Sync="TRUE"/></mdLang><mdChar><CharSetCd value="004"/></mdChar><mdHrLv><ScopeCd value="005"/></mdHrLv><mdContact><rpIndName>Essential Fish Habitat Coordinator</rpIndName><rpOrgName>NOAA National Marine Fisheries Serivce</rpOrgName><rpPosName>Essential Fish Habitat Coordinator</rpPosName><rpCntInfo><cntPhone><voiceNum>727-824-5317</voiceNum></cntPhone><cntAddress><city>Saint Petersburg</city><adminArea>FL</adminArea><postCode>33701</postCode><country>US</country></cntAddress><cntHours>Monday - Friday 8:00-4:30 Eastern</cntHours></rpCntInfo><role><RoleCd value="007"/></role></mdContact><mdStanName>ArcGIS Metadata</mdStanName><mdStanVer>1.0</mdStanVer><distInfo xmlns=""><distTranOps xmlns=""><onLineSrc xmlns=""><linkage>http://www.nmfs.noaa.gov/maps_gis_data/</linkage></onLineSrc><transSize Sync="TRUE">0.000</transSize><onLineSrc xmlns=""><linkage>http://www.nmfs.noaa.gov/</linkage></onLineSrc></distTranOps><distFormat xmlns=""><formatName Sync="TRUE">Shapefile</formatName></distFormat></distInfo><dataIdInfo><idCitation><resTitle Sync="FALSE">Shrimp Essential Fish Habitat of the Gulf of Mexico</resTitle><date><pubDate>2004-03-01</pubDate></date><citRespParty><rpOrgName>Gulf of Mexico Fishery Management Council</rpOrgName><role><RoleCd value="006"/></role></citRespParty><otherCitDet>Gulf of Mexico Fishery Management Council. 2004. Final Environmental Impact Statement for the Generic Amendment to the following fishery management plans of the Gulf of Mexico: Shrimp Fishery of the Gulf of Mexico, Red Drum Fishery of the Gulf of Mexico, Reef Fish Fishery of the Gulf of Mexico, Stone Crab Fishery of the Gulf of Mexico, Coral and Coral Reef Fishery of the Gulf of Mexico, Spiny Lobster Fishery of the Gulf of Mexico and South Atlantic; Coastal Migratory Pelagic Resources of the Gulf of Mexico and South Atlantic. Gulf of Mexico Fishery Management Council, The Commons at Rivergate, 3018 U.S.Highway301 N., Suite 1000, Tampa, Florida 33619.</otherCitDet><presForm><PresFormCd value="005" Sync="TRUE"/></presForm></idCitation><idAbs>&lt;DIV STYLE="text-align:Left;"&gt;&lt;DIV&gt;&lt;DIV&gt;&lt;P&gt;&lt;SPAN&gt;Essential fish habitat (EFH) for Gulf of Mexico Shrimp consists of the following waters and substrate areas in the Gulf of Mexico: all estuaries; the US/Mexico border to Fort Walton Beach, Florida, from estuarine waters out to depths of 100 fathoms; Grand Isle, Louisiana, to Pensacola Bay, Florida, between depths of 100 and 325 fathoms; Pensacola Bay, Florida, to the boundary between the areas covered by the GMFMC and the SAFMC out to depths of 35 fathoms, with the exception of waters extending from Crystal River, Florida, to Naples, Florida, between depths of 10 and 25 fathoms and in Florida Bay between depths of 5 and 10 fathoms. Essential fish habitat (EFH) consists of areas of higher species density, based on the NOAA Atlas (NOAA 1985) and the functional relationships analysis in the EIS (GMFMC 2004).&lt;/SPAN&gt;&lt;/P&gt;&lt;/DIV&gt;&lt;/DIV&gt;&lt;/DIV&gt;</idAbs><idPurp>The purpose of these data is to visually represent the textual description of the overall extent of EFH for the Shrimp Fishery Management Plan which contains four species in the fishery management unit.</idPurp><idCredit>MRAG Americas and GIS Solutions, Inc. completed the GIS analysis and produced maps for the EIS and Amendment.</idCredit><idStatus><ProgCd value="001"/></idStatus><idPoC><rpIndName>Essential Fish Habitat Coordinator</rpIndName><rpOrgName>NOAA National Marine Fisheries Service</rpOrgName><rpPosName>Habitat Conservation Division</rpPosName><rpCntInfo><cntPhone><voiceNum>727-824-5317</voiceNum><faxNum>727-824-5300</faxNum></cntPhone><cntAddress addressType="both"><delPoint>263 13th Avenue South</delPoint><city>Saint Petersburg</city><adminArea>FL</adminArea><postCode>33701</postCode><country>US</country><eMailAdd>david.dale@noaa.gov</eMailAdd></cntAddress><cntHours>Monday - Friday 8:00-4:30</cntHours></rpCntInfo><role><RoleCd value="007"/></role></idPoC><placeKeys><thesaName><resTitle>Geographic Names Information Systems</resTitle></thesaName><keyword>southeast U.S.</keyword><keyword>Alabama</keyword><keyword>Texas</keyword><keyword>Florida</keyword><keyword>Mississippi</keyword><keyword>Louisiana</keyword><keyword>Gulf of Mexcio</keyword></placeKeys><themeKeys><keyword>EIS</keyword><keyword>habitat</keyword><keyword>essential fish habitat</keyword><keyword>fishery management plan</keyword><keyword>Magnuson-Stevens Fishery Conservation and Management Act</keyword><keyword>EFH</keyword><keyword>environmental impact statement</keyword><keyword>shrimp</keyword><keyword>Gulf of Mexico Fishery Management Council</keyword></themeKeys><searchKeys><keyword>southeast U.S.</keyword><keyword>Alabama</keyword><keyword>Texas</keyword><keyword>EIS</keyword><keyword>habitat</keyword><keyword>essential fish habitat</keyword><keyword>Florida</keyword><keyword>fishery management plan</keyword><keyword>Mississippi</keyword><keyword>Magnuson-Stevens Fishery Conservation and Management Act</keyword><keyword>Louisiana</keyword><keyword>EFH</keyword><keyword>environmental impact statement</keyword><keyword>shrimp</keyword><keyword>Gulf of Mexico Fishery Management Council</keyword><keyword>Gulf of Mexcio</keyword></searchKeys><resConst><Consts><useLimit>&lt;DIV STYLE="text-align:Left;"&gt;&lt;DIV&gt;&lt;DIV&gt;&lt;P&gt;&lt;SPAN&gt;Users are advised that the spatial representation of essential fish habitat is for informational purposes only and should not be solely relied on for regulatory purposes. Implementing regulations [50 CFR 600.815(a)(1)(iv)(B)] specify if there are differences between the descriptions of EFH in text and maps the textual description is ultimately determinative of the limits of EFH. Specific habitat types identified and described as EFH for Gulf of Mexico Shrimp are found in the Amendment (GMFMC 2005)&lt;/SPAN&gt;&lt;/P&gt;&lt;/DIV&gt;&lt;/DIV&gt;&lt;/DIV&gt;</useLimit></Consts></resConst><aggrInfo><aggrDSName><resTitle>Gulf of Mexico Coastal and Ocean Zones Strategic Assessment: Data Atlas</resTitle><date><pubDate>1985-12-01</pubDate></date><citRespParty><rpOrgName>NOAA National Ocean Service</rpOrgName><role><RoleCd value="006"/></role></citRespParty><presForm><PresFormCd value="006"/></presForm><presForm><fgdcGeoform>atlas</fgdcGeoform></presForm><otherCitDet>Cite as: NOAA, 1985. Gulf of Mexico Coastal and Ocean Zones Strategic Assessment: Data Atlas. National Oceanic and Atmospheric Administration Strategic Environmental Assessment Division, Rockville, MD December 1985.</otherCitDet></aggrDSName><assocType><AscTypeCd value="001"/></assocType></aggrInfo><aggrInfo><aggrDSName><resTitle>Generic Amendment Number Three for Addressing Essential Fish Habitat Requirements for the Fishery Management Plans of the Gulf of Mexico.</resTitle><date><pubDate>2005-03-01</pubDate></date><citRespParty><rpOrgName>Gulf of Mexico Fishery Management Council</rpOrgName><role><RoleCd value="006"/></role></citRespParty><citRespParty><rpOrgName>NOAA National Marine Fisheries Serivce, Southeast Region</rpOrgName><role><RoleCd value="006"/></role></citRespParty><citRespParty><rpOrgName>Gulf of Mexico Fishery Management Council</rpOrgName><rpCntInfo><cntAddress><delPoint>Tampa, Florida</delPoint></cntAddress></rpCntInfo><role><RoleCd value="010"/></role></citRespParty><presForm><PresFormCd value="002"/></presForm><presForm><fgdcGeoform>document</fgdcGeoform></presForm><otherCitDet>Gulf of Mexico Fishery Management Council. 2005. Generic Amendment Number 3 for Addressing Essential Fish Habitat Requirements, Habitat Areas of Particular Concern, and Adverse Effects of Fishing in the following Fishery Management Plans of the Gulf of Mexico: Shrimp Fishery of the Gulf of Mexico, Red Drum Fishery of the Gulf of Mexico, Reef Fish Fishery of the Gulf of Mexico, Stone Crab Fishery of the Gulf of Mexico, Coral and Coral Reef Fishery of the Gulf of Mexico, Spiny Lobster Fishery of the Gulf of Mexico and South Atlantic, Coastal Migratory Pelagic Resources of the Gulf of Mexico and South Atlantic. Gulf of Mexico Fishery Management Council, The Commons at Rivergate, 3018 U.S.Highway301 N., Suite 1000, Tampa, Florida 33619.</otherCitDet></aggrDSName><assocType><AscTypeCd value="001"/></assocType></aggrInfo><dataLang><languageCode value="eng"/><countryCode value="USA" Sync="TRUE"/></dataLang><dataExt><exDesc>publication date</exDesc><tempEle><TempExtent><exTemp><TM_Instant><tmPosition>2004-03-01</tmPosition></TM_Instant></exTemp></TempExtent></tempEle></dataExt><suppInfo>Section 303(a)(7) of the Magnuson-Stevens Fishery Management and Conservation Act (16 U.S.C. 1801 et seq) requires the National Marine Fisheries Service and regional fishery management councils to (1) describe and identify EFH for managed fisheries; (2) minimize to the extent practicable the adverse effects of fishing on such EFH; and (3) encourage the conservation and enhancement of such EFH.</suppInfo><envirDesc Sync="TRUE">Microsoft Windows 10 Version 10.0 (Build 22631) ; Esri ArcGIS 13.2.0.49743</envirDesc><spatRpType><SpatRepTypCd value="001" Sync="TRUE"/></spatRpType><dataExt><geoEle xmlns=""><GeoBndBox esriExtentType="search"><exTypeCode Sync="TRUE">1</exTypeCode><westBL Sync="TRUE">-97.799539</westBL><eastBL Sync="TRUE">-80.401389</eastBL><northBL Sync="TRUE">31.077789</northBL><southBL Sync="TRUE">24.455977</southBL></GeoBndBox></geoEle></dataExt><tpCat><TopicCatCd value="007"/></tpCat></dataIdInfo><dqInfo><dqScope><scpLvl><ScopeCd value="005"/></scpLvl></dqScope><report type="DQConcConsis"><measDesc>Not applicable</measDesc></report><report type="DQCompOm"><measDesc>The purpose of these data is to visually represent the textual description of the overall extent of EFH for the Shrimp Fishery Management Plan which contains four species in the fishery management unit.</measDesc></report><dataLineage><prcStep><stepDesc>The Functional Relationship Analysis in GMFMC 2004 was utilized to select habitat polygons that fit within the criteria identified that each species and lifestage utilizes in growth to maturity. Each habitat polygon was selected or not selected based upon each variable. EFH maps were derived selecting higher density polygons from the Functional Relationship Analysis from species and lifestages in which no density information was available from the NOAA Atlas (i.e. if species and lifestage density was represented by a map in the NOAA Atlas, that species and lifestage was not incorporated into the mapping). The following data were used to create these data: Seagrass from Florida Fish and Wildlife Research Institute (FWRI) and Texas Natural Resources Information System (TNRIS), Marshes from FWRI and US Geological Survey, Mangroves from FWRI, Oysters from FWRI and TNRIS, Coral from FWRI, Coral from the NOAA Data Atlas, and Summarized Sediments. Bathymetry from FWRI. Bathymetry depth contours were acquired from the Florida Marine Resource Institute (FMRI). Each EFH boundary was clipped south of the EEZ along the Texas/Mexico boarder and south of the Gulf of Mexico/South Atlantic Fisheries Management Council boundary along the Florida Keys. The intercoucnil boundary (along the Florida Keys) was generated from legal descriptions downloaded from the Federal Register. An adjustment was made for Grand Lake and White Lake in southwest Louisiana, which were initially mis-identified as estuarine and later re-classified as non-estuarine, based on U.S. Fish and Wildlife Service National Wetlands Inventory data. Thus, those lake were not considered for identification as EFH for red drum, reef fish, coastal migratory pelagics, shrimp and stone crab fishery management units. Several layers with the selected polygons were mapped as a composite represention of EFH for each fishery management unit. The maps depicting these density and habitat utilization data were deliberated by the GMFMC in developing the textual (regulatory) descriptions of essential fish habitat for Gulf of Mexico Fishery Management Plans.</stepDesc><stepDateTm date="unknown"/><stepProc><rpOrgName>Photo Science (formerly GIS Solutions)</rpOrgName><rpCntInfo><cntPhone><voiceNum>7275769500</voiceNum><faxNum>7275769600</faxNum></cntPhone><cntAddress addressType="both"><delPoint>10033 MLK Street North, Suite 200</delPoint><city>St. Petersburg</city><adminArea>FL</adminArea><postCode>33716</postCode><country>US</country></cntAddress></rpCntInfo><role><RoleCd value="009"/></role></stepProc></prcStep><prcStep><stepDesc>Hardcopy maps from the NOAA Atlas (NOAA, 1985) were scanned by Greenhorne &amp; O'Mara to a high resolution (300 dpi) TIFF image. Each digital image then underwent geo-rectification. The polygonal data were digitized and converted to shapefiles.</stepDesc><stepDateTm date="unknown"/><stepProc><rpOrgName>MRAG Americas</rpOrgName><rpCntInfo><cntPhone><voiceNum>7275639070</voiceNum><faxNum>7275630207</faxNum></cntPhone><cntAddress addressType="both"><delPoint>10051 5th Street North, Suite 105</delPoint><city>St. Petersburg</city><adminArea>FL</adminArea><postCode>33702</postCode><country>US</country></cntAddress></rpCntInfo><role><RoleCd value="009"/></role></stepProc></prcStep><prcStep><stepDesc>The layers representing the composite EFH were merged into a single shapefile for each fishery management unit. The new shapefile was reprojected to NAD 1983 Albers and edited to match the textual identification and description of EFH using ArcGIS' editing environment. Any inland water bodies mistakenly included in the previously delivered layers were extracted also using the "Edit Clip" function in ArcGIS' editing environment. In order to fill the gaps within the EFH that were caused by previous digitizing errors, a large overlapping polygon was created inside of the existing EFH boundaries. This polygon was digitized manually to cover from just inside of the seaward boundary to the northern extent of the EFH. After filling in the gaps, any "dangling" polygons extending beyond the seaward boundary were identifed and removed. To obtain a single feature representing the entire EFH for each fishery management unit, the updated EFH was clipped to a master polygon representing the extent of the entire Gulf of Mexico. Once this clip was completed, the result was a "dissolved" polygon consisting of one feature rather than 10-40 thousand individual polygons. The new EFH polygon was then clipped to the land boundary feature using the ArcGIS' editing environment. This resulted in an EFH polygon that is exactly coinicident with the land boundary. During the creation of these data, the land boundary (coast line) feature used was "camra_mrgis_gulf_shore_100.shp" (1:100,000) from FWC/FMRI (Florida Fish Wildlife Conservation Commission, Florida Marine Research Institute) . Finally, the area in square kilometers and the perimeter in meters was calculated in ArcGIS and listed in the EFH attribute table for each fishery management unit.</stepDesc><stepDateTm>2008-01-01</stepDateTm><stepProc><rpOrgName>National Coastal Data Development Center</rpOrgName><rpCntInfo><cntPhone><voiceNum>228-688-2936</voiceNum><faxNum>228-688-2010</faxNum></cntPhone><cntAddress addressType="both"><delPoint>Building 1100, Suite 101</delPoint><city>Stenis Space Center</city><adminArea>MS</adminArea><postCode>39529</postCode><country>US</country><eMailAdd>ncddc@noaa.gov</eMailAdd></cntAddress></rpCntInfo><role><RoleCd value="009"/></role></stepProc></prcStep></dataLineage></dqInfo><eainfo><detailed Name="Shrimp_Habitat"><enttyp><enttypl Sync="TRUE">Shrimp_Habitat</enttypl><enttypt Sync="TRUE">Feature Class</enttypt><enttypc Sync="TRUE">0</enttypc></enttyp><attr><attrlabl Sync="TRUE">FID</attrlabl><attalias Sync="TRUE">FID</attalias><attrtype Sync="TRUE">OID</attrtype><attwidth Sync="TRUE">4</attwidth><atprecis Sync="TRUE">0</atprecis><attscale Sync="TRUE">0</attscale><attrdef Sync="TRUE">Internal feature number.</attrdef><attrdefs Sync="TRUE">Esri</attrdefs><attrdomv><udom Sync="TRUE">Sequential unique whole numbers that are automatically generated.</udom></attrdomv></attr><attr><attrlabl>Shape</attrlabl><attrdef>Feature geometry.</attrdef><attrdefs>ESRI</attrdefs><attrdomv><udom>Coordinates defining the features.</udom></attrdomv><attalias Sync="TRUE">Shape</attalias><attrtype Sync="TRUE">Geometry</attrtype><attwidth Sync="TRUE">0</attwidth><atprecis Sync="TRUE">0</atprecis><attscale Sync="TRUE">0</attscale></attr><attr><attrlabl>Area_SqKm</attrlabl><attalias Sync="TRUE">Area_SqKm</attalias><attrtype Sync="TRUE">Double</attrtype><attwidth Sync="TRUE">19</attwidth><atprecis Sync="TRUE">0</atprecis><attscale Sync="TRUE">0</attscale></attr><attr><attrlabl>Perim_M</attrlabl><attalias Sync="TRUE">Perim_M</attalias><attrtype Sync="TRUE">Double</attrtype><attwidth Sync="TRUE">19</attwidth><atprecis Sync="TRUE">0</atprecis><attscale Sync="TRUE">0</attscale></attr><attr><attrlabl Sync="TRUE">Shape_Leng</attrlabl><attalias Sync="TRUE">Shape_Leng</attalias><attrtype Sync="TRUE">Double</attrtype><attwidth Sync="TRUE">19</attwidth><atprecis Sync="TRUE">0</atprecis><attscale Sync="TRUE">0</attscale></attr><attr><attrlabl Sync="TRUE">Shape_Area</attrlabl><attalias Sync="TRUE">Shape_Area</attalias><attrtype Sync="TRUE">Double</attrtype><attwidth Sync="TRUE">19</attwidth><atprecis Sync="TRUE">0</atprecis><attscale Sync="TRUE">0</attscale><attrdef Sync="TRUE">Area of feature in internal units squared.</attrdef><attrdefs Sync="TRUE">Esri</attrdefs><attrdomv><udom Sync="TRUE">Positive real numbers that are automatically generated.</udom></attrdomv></attr></detailed></eainfo><mdHrLvName Sync="TRUE">dataset</mdHrLvName><refSysInfo><RefSystem><refSysID><identCode code="4269" Sync="TRUE"/><idCodeSpace Sync="TRUE">EPSG</idCodeSpace><idVersion Sync="TRUE">6.5(3.0.1)</idVersion></refSysID></RefSystem></refSysInfo><spatRepInfo><VectSpatRep><geometObjs Name="Shrimp_Habitat"><geoObjTyp><GeoObjTypCd value="002" Sync="TRUE"></GeoObjTypCd></geoObjTyp><geoObjCnt Sync="TRUE">0</geoObjCnt></geometObjs><topLvl><TopoLevCd value="001" Sync="TRUE"></TopoLevCd></topLvl></VectSpatRep></spatRepInfo><spdoinfo><ptvctinf><esriterm Name="Shrimp_Habitat"><efeatyp Sync="TRUE">Simple</efeatyp><efeageom code="4" Sync="TRUE"></efeageom><esritopo Sync="TRUE">FALSE</esritopo><efeacnt Sync="TRUE">0</efeacnt><spindex Sync="TRUE">FALSE</spindex><linrefer Sync="TRUE">FALSE</linrefer></esriterm></ptvctinf></spdoinfo><mdDateSt Sync="TRUE">20231205</mdDateSt></metadata>
